scenario,N,n_seg,iterations,converged,stop_reason,capped,feasible,min_radius,clearance,cost_true_energy,J_true,max_koz_slack
phase70,6,2,43,1,2,False,True,6616.000,145.000,4.247957e-04,4.247957e-04,0.000
phase70,6,4,6,1,4,False,True,6616.000,145.000,3.347458e-05,3.347354e-05,0.000
phase70,6,8,6,1,4,False,True,6616.000,145.000,3.347458e-05,3.347354e-05,0.000
phase70,6,16,6,1,4,False,True,6616.000,145.000,3.347458e-05,3.347354e-05,0.000
phase70,6,32,6,1,4,False,True,6616.000,145.000,3.347458e-05,3.347354e-05,0.000
phase70,6,64,6,1,4,False,True,6616.000,145.000,3.347458e-05,3.347354e-05,0.000
phase70,7,2,42,1,2,False,True,6616.000,145.000,4.150308e-04,4.150309e-04,0.000
phase70,7,4,6,1,4,False,True,6616.000,145.000,3.347253e-05,3.347149e-05,0.000
phase70,7,8,6,1,4,False,True,6616.000,145.000,3.347253e-05,3.347149e-05,0.000
phase70,7,16,6,1,4,False,True,6616.000,145.000,3.347253e-05,3.347149e-05,0.000
phase70,7,32,6,1,4,False,True,6616.000,145.000,3.347253e-05,3.347149e-05,0.000
phase70,7,64,6,1,4,False,True,6616.000,145.000,3.347253e-05,3.347149e-05,0.000
phase70,8,2,42,1,2,False,True,6616.000,145.000,4.112620e-04,4.112621e-04,0.000
phase70,8,4,6,1,4,False,True,6616.000,145.000,3.347249e-05,3.347145e-05,0.000
phase70,8,8,6,1,4,False,True,6616.000,145.000,3.347249e-05,3.347145e-05,0.000
phase70,8,16,6,1,4,False,True,6616.000,145.000,3.347249e-05,3.347145e-05,0.000
phase70,8,32,6,1,4,False,True,6616.000,145.000,3.347249e-05,3.347145e-05,0.000
phase70,8,64,6,1,4,False,True,6616.000,145.000,3.347249e-05,3.347145e-05,0.000
phase120,6,2,1000,0,0,True,True,6616.000,145.000,1.086771e-02,1.086779e-02,0.000
phase120,6,4,13,1,4,False,True,6616.000,145.000,7.065586e-05,7.066103e-05,0.000
phase120,6,8,8,1,4,False,True,6534.200,63.200,2.478619e-05,2.479017e-05,0.000
phase120,6,16,8,1,4,False,True,6486.566,15.566,2.265981e-05,2.266370e-05,0.000
phase120,6,32,8,1,4,False,True,6474.866,3.866,2.217886e-05,2.218272e-05,0.000
phase120,6,64,8,1,4,False,True,6471.965,0.965,2.206188e-05,2.206574e-05,0.000
phase120,7,2,1000,0,0,True,True,6616.000,145.000,1.042685e-02,1.042692e-02,0.000
phase120,7,4,12,1,4,False,True,6616.000,145.000,7.039215e-05,7.039730e-05,0.000
phase120,7,8,8,1,4,False,True,6534.216,63.216,2.476050e-05,2.476447e-05,0.000
phase120,7,16,8,1,4,False,True,6486.614,15.614,2.262928e-05,2.263317e-05,0.000
phase120,7,32,8,1,4,False,True,6474.884,3.884,2.215288e-05,2.215674e-05,0.000
phase120,7,64,8,1,4,False,True,6471.969,0.969,2.203382e-05,2.203768e-05,0.000
phase120,8,2,1000,0,0,True,True,6616.000,145.000,9.761616e-03,9.761692e-03,0.000
phase120,8,4,12,1,4,False,True,6616.000,145.000,7.034582e-05,7.035097e-05,0.000
phase120,8,8,8,1,4,False,True,6533.750,62.750,2.471467e-05,2.471864e-05,0.000
phase120,8,16,8,1,4,False,True,6486.867,15.867,2.256657e-05,2.257046e-05,0.000
phase120,8,32,8,1,4,False,True,6474.943,3.943,2.208314e-05,2.208700e-05,0.000
phase120,8,64,8,1,4,False,True,6471.985,0.985,2.196487e-05,2.196872e-05,0.000
phase135,6,2,1000,0,0,True,True,6616.000,145.000,2.691225e-02,2.691241e-02,0.000
phase135,6,4,13,1,4,False,True,6616.000,145.000,2.281273e-04,2.281401e-04,0.000
phase135,6,8,16,1,4,False,True,6549.386,78.386,9.275367e-05,9.276378e-05,0.000
phase135,6,16,9,1,4,False,True,6490.811,19.811,8.496364e-05,8.497359e-05,0.000
phase135,6,32,9,1,4,False,True,6476.071,5.071,8.322852e-05,8.323845e-05,0.000
phase135,6,64,9,1,4,False,True,6472.284,1.284,8.280378e-05,8.281370e-05,0.000
phase135,7,2,1000,0,0,True,True,6616.000,145.000,2.356510e-02,2.356523e-02,0.000
phase135,7,4,12,1,4,False,True,6616.000,145.000,2.275105e-04,2.275232e-04,0.000
phase135,7,8,9,1,4,False,True,6549.831,78.831,9.261469e-05,9.262479e-05,0.000
phase135,7,16,9,1,4,False,True,6490.935,19.935,8.489313e-05,8.490308e-05,0.000
phase135,7,32,9,1,4,False,True,6476.048,5.048,8.315196e-05,8.316189e-05,0.000
phase135,7,64,9,1,4,False,True,6472.251,1.251,8.272141e-05,8.273132e-05,0.000
phase135,8,2,1000,0,0,True,True,6616.000,145.000,2.250410e-02,2.250422e-02,0.000
phase135,8,4,13,1,4,False,True,6616.000,145.000,2.270466e-04,2.270592e-04,0.000
phase135,8,8,9,1,4,False,True,6550.231,79.231,9.258116e-05,9.259126e-05,0.000
phase135,8,16,9,1,4,False,True,6490.910,19.910,8.485342e-05,8.486337e-05,0.000
phase135,8,32,9,1,4,False,True,6476.069,5.069,8.311272e-05,8.312265e-05,0.000
phase135,8,64,9,1,4,False,True,6472.290,1.290,8.268411e-05,8.269403e-05,0.000
phase170,6,2,1000,0,0,True,True,6616.000,145.000,2.136707e-01,2.136713e-01,0.000
phase170,6,4,45,1,4,False,True,6616.000,145.000,1.327307e-03,1.327360e-03,0.000
phase170,6,8,12,1,4,False,True,6601.714,130.714,5.101790e-04,5.102180e-04,0.000
phase170,6,16,11,1,1,False,True,6503.631,32.631,4.666816e-04,4.667207e-04,0.000
phase170,6,32,11,1,4,False,True,6479.276,8.276,4.566834e-04,4.567225e-04,0.000
phase170,6,64,11,1,4,False,True,6473.048,2.048,4.541442e-04,4.541833e-04,0.000
phase170,7,2,1000,0,0,True,True,6616.000,145.000,2.029449e-01,2.029452e-01,0.000
phase170,7,4,43,1,4,False,True,6616.000,145.000,1.323516e-03,1.323569e-03,0.000
phase170,7,8,168,1,1,False,True,6589.538,118.538,5.070891e-04,5.071281e-04,0.000
phase170,7,16,12,1,4,False,True,6502.894,31.894,4.625838e-04,4.626229e-04,0.000
phase170,7,32,12,1,4,False,True,6479.381,8.381,4.525507e-04,4.525899e-04,0.000
phase170,7,64,12,1,4,False,True,6473.077,2.077,4.501027e-04,4.501418e-04,0.000
phase170,8,2,1000,0,0,True,True,6616.000,145.000,1.779474e-01,1.779475e-01,0.000
phase170,8,4,30,1,1,False,True,6616.000,145.000,1.321019e-03,1.321071e-03,0.000
phase170,8,8,14,1,4,False,True,6582.562,111.562,5.064708e-04,5.065098e-04,0.000
phase170,8,16,13,1,4,False,True,6503.267,32.267,4.615786e-04,4.616177e-04,0.000
phase170,8,32,13,1,4,False,True,6479.223,8.223,4.515545e-04,4.515936e-04,0.000
phase170,8,64,13,1,4,False,True,6473.030,2.030,4.490936e-04,4.491327e-04,0.000
planechange,6,2,1000,0,0,True,True,6616.000,145.000,1.467885e-02,1.467894e-02,0.000
planechange,6,4,322,1,1,False,True,6616.000,145.000,1.495341e-04,1.495424e-04,0.000
planechange,6,8,10,1,4,False,True,6541.230,70.230,6.590431e-05,6.591082e-05,0.000
planechange,6,16,10,1,4,False,True,6489.142,18.142,6.153354e-05,6.153992e-05,0.000
planechange,6,32,10,1,4,False,True,6475.573,4.573,6.053923e-05,6.054559e-05,0.000
planechange,6,64,10,1,4,False,True,6472.137,1.137,6.029616e-05,6.030250e-05,0.000
planechange,7,2,1000,0,0,True,True,6616.000,145.000,1.381727e-02,1.381736e-02,0.000
planechange,7,4,17,1,4,False,True,6616.000,145.000,1.491187e-04,1.491269e-04,0.000
planechange,7,8,10,1,4,False,True,6540.166,69.166,6.583083e-05,6.583734e-05,0.000
planechange,7,16,10,1,4,False,True,6489.076,18.076,6.147884e-05,6.148523e-05,0.000
planechange,7,32,10,1,4,False,True,6475.539,4.539,6.047747e-05,6.048383e-05,0.000
planechange,7,64,10,1,4,False,True,6472.139,1.139,6.023316e-05,6.023951e-05,0.000
planechange,8,2,1000,0,0,True,True,6616.000,145.000,1.350596e-02,1.350605e-02,0.000
planechange,8,4,14,1,4,False,True,6616.000,145.000,1.489621e-04,1.489703e-04,0.000
planechange,8,8,10,1,4,False,True,6540.112,69.112,6.582056e-05,6.582707e-05,0.000
planechange,8,16,10,1,4,False,True,6489.220,18.220,6.140110e-05,6.140750e-05,0.000
planechange,8,32,10,1,4,False,True,6475.541,4.541,6.037504e-05,6.038141e-05,0.000
planechange,8,64,10,1,4,False,True,6472.144,1.144,6.012321e-05,6.012957e-05,0.000
